{"cameraMode":{"drawMode":0,"name":"Shaded","section":"Shading Mode"},"sceneLighting":true,"audioPlay":false,"sceneViewState":{"m_AlwaysRefresh":false,"showFog":true,"showSkybox":true,"showFlares":true,"showImageEffects":true,"showParticleSystems":true,"showVisualEffectGraphs":true,"m_FxEnabled":true},"in2DMode":false,"pivot":{"x":4.3791937828063969,"y":0.9231350421905518,"z":-52.45759582519531},"rotation":{"x":0.5372849106788635,"y":0.13772867619991303,"z":-0.08950415998697281,"w":0.8272849917411804},"size":0.5912736058235169,"orthographic":true}