{"cameraMode":{"drawMode":0,"name":"Shaded","section":"Shading Mode"},"sceneLighting":true,"audioPlay":false,"sceneViewState":{"m_AlwaysRefresh":false,"showFog":true,"showSkybox":true,"showFlares":true,"showImageEffects":true,"showParticleSystems":true,"showVisualEffectGraphs":true,"m_FxEnabled":true},"in2DMode":false,"pivot":{"x":10.462228775024414,"y":3.3902323246002199,"z":12.349888801574707},"rotation":{"x":0.05177849903702736,"y":-0.944801390171051,"z":0.18366651237010957,"w":0.2663675546646118},"size":5.2234110832214359,"orthographic":false}